激光一吸尘移动汽缸报警,16'40'53'' 2017-07-10
激光一吸尘移动汽缸报警,16'41'34'' 2017-07-10
激光一吸尘移动汽缸报警,16'43'53'' 2017-07-10
激光一吸尘移动汽缸报警,16'45'13'' 2017-07-10
激光一吸尘移动汽缸报警,16'46'48'' 2017-07-10
激光一吸尘移动汽缸报警,16'49'00'' 2017-07-10
激光一吸尘移动汽缸报警,16'50'37'' 2017-07-10
激光一吸尘移动汽缸报警,16'51'04'' 2017-07-10
CCD压紧气缸报警,09'05'38'' 2017-07-11
CCD压紧气缸报警,09'05'47'' 2017-07-11
CCD压紧气缸报警,09'07'27'' 2017-07-11
激光一吸尘移动汽缸报警,09'11'25'' 2017-07-11
激光一吸尘移动汽缸报警,09'12'18'' 2017-07-11
激光一吸尘移动汽缸报警,09'17'56'' 2017-07-11
激光一吸尘移动汽缸报警,09'31'16'' 2017-07-12
激光一吸尘移动汽缸报警,09'39'16'' 2017-07-12
激光一吸尘移动汽缸报警,09'40'41'' 2017-07-12
激光一吸尘移动汽缸报警,09'42'04'' 2017-07-12
激光一吸尘移动汽缸报警,09'43'54'' 2017-07-12
激光一吸尘移动汽缸报警,09'45'58'' 2017-07-12
加强筋压紧汽缸报警,09'48'39'' 2017-07-12
激光一吸尘移动汽缸报警,09'50'30'' 2017-07-12
加强筋压紧汽缸报警,09'51'24'' 2017-07-12
激光一吸尘移动汽缸报警,09'53'48'' 2017-07-12
激光一吸尘移动汽缸报警,09'56'34'' 2017-07-12
激光一吸尘移动汽缸报警,09'57'27'' 2017-07-12
激光一吸尘移动汽缸报警,10'00'35'' 2017-07-12
激光一吸尘移动汽缸报警,10'03'57'' 2017-07-12
激光一吸尘移动汽缸报警,10'05'04'' 2017-07-12
激光一吸尘移动汽缸报警,10'06'06'' 2017-07-12
激光一吸尘移动汽缸报警,10'07'08'' 2017-07-12
激光一吸尘移动汽缸报警,10'07'39'' 2017-07-12
激光一吸尘移动汽缸报警,10'08'34'' 2017-07-12
激光一吸尘移动汽缸报警,10'09'43'' 2017-07-12
激光一吸尘移动汽缸报警,10'10'45'' 2017-07-12
激光一吸尘移动汽缸报警,10'11'53'' 2017-07-12
激光一吸尘移动汽缸报警,10'12'46'' 2017-07-12
激光一吸尘移动汽缸报警,10'13'38'' 2017-07-12
激光一吸尘移动汽缸报警,10'57'06'' 2017-07-12
激光一吸尘移动汽缸报警,13'40'31'' 2017-07-12
激光一吸尘移动汽缸报警,13'43'13'' 2017-07-12
激光一吸尘移动汽缸报警,13'54'39'' 2017-07-12
激光一吸尘移动汽缸报警,14'17'06'' 2017-07-12
激光一吸尘移动汽缸报警,14'25'00'' 2017-07-12
激光一吸尘移动汽缸报警,14'38'47'' 2017-07-12
激光一吸尘移动汽缸报警,14'52'54'' 2017-07-12
激光一吸尘移动汽缸报警,15'00'25'' 2017-07-12
激光一吸尘移动汽缸报警,15'02'25'' 2017-07-12
激光一吸尘移动汽缸报警,15'03'24'' 2017-07-12
激光一吸尘移动汽缸报警,15'04'12'' 2017-07-12
激光一吸尘移动汽缸报警,15'05'03'' 2017-07-12
激光一吸尘移动汽缸报警,15'05'47'' 2017-07-12
激光一吸尘移动汽缸报警,15'44'50'' 2017-07-12
放卷右切刀汽缸报警,16'39'06'' 2017-07-12
加强筋压紧汽缸报警,10'40'14'' 2017-07-15
加强筋压紧汽缸报警,11'15'30'' 2017-07-15
加强筋压紧汽缸报警,13'52'54'' 2017-07-15
加强筋压紧汽缸报警,13'55'10'' 2017-07-15
加强筋压紧汽缸报警,14'18'04'' 2017-07-15
加强筋压紧汽缸报警,11'06'52'' 2017-07-16
加强筋压紧汽缸报警,11'24'13'' 2017-07-16
加强筋压紧汽缸报警,11'32'47'' 2017-07-16
加强筋压紧汽缸报警,11'39'15'' 2017-07-16
加强筋压紧汽缸报警,11'40'58'' 2017-07-16
加强筋压紧汽缸报警,11'46'46'' 2017-07-16
加强筋压紧汽缸报警,11'48'14'' 2017-07-16
加强筋压紧汽缸报警,14'20'18'' 2017-07-16
加强筋压紧汽缸报警,14'21'54'' 2017-07-16
加强筋压紧汽缸报警,10'18'28'' 2017-07-17
放卷摆杆异常报警,10'35'32'' 2017-07-17
放卷摆杆异常报警,10'51'13'' 2017-07-17
左推料伺服报警,17'00'47'' 2017-07-17
激光一吸尘移动汽缸报警,17'48'59'' 2017-07-17
加强筋压紧汽缸报警,10'46'14'' 2017-07-18
加强筋压紧汽缸报警,14'56'48'' 2017-07-18
激光一吸尘移动汽缸报警,15'11'18'' 2017-07-18
加强筋压紧汽缸报警,09'03'02'' 2017-07-19
加强筋压紧汽缸报警,09'36'40'' 2017-07-19
加强筋压紧汽缸报警,14'28'50'' 2017-07-19
放卷摆杆异常报警,15'09'06'' 2017-07-19
加强筋压紧汽缸报警,17'38'12'' 2017-07-19
加强筋压紧汽缸报警,17'49'17'' 2017-07-19
加强筋压紧汽缸报警,18'03'47'' 2017-07-19
加强筋压紧汽缸报警,18'41'47'' 2017-07-19
加强筋压紧汽缸报警,19'25'53'' 2017-07-19
左推料伺服报警,10'13'02'' 2017-07-24
加强筋压紧汽缸报警,10'27'06'' 2017-07-24
加强筋压紧汽缸报警,11'02'39'' 2017-07-24
加强筋压紧汽缸报警,11'18'28'' 2017-07-24
加强筋压紧汽缸报警,13'53'22'' 2017-07-24
左推料伺服报警,15'37'33'' 2017-07-24
加强筋压紧汽缸报警,15'41'38'' 2017-07-24
加强筋压紧汽缸报警,16'00'56'' 2017-07-24
加强筋压紧汽缸报警,16'04'44'' 2017-07-24
加强筋压紧汽缸报警,17'05'01'' 2017-07-24
放卷摆杆异常报警,17'21'48'' 2017-07-24
加强筋压紧汽缸报警,17'29'51'' 2017-07-24
加强筋压紧汽缸报警,17'40'20'' 2017-07-24
加强筋压紧汽缸报警,17'54'30'' 2017-07-24
加强筋压紧汽缸报警,17'57'06'' 2017-07-24
加强筋压紧汽缸报警,18'40'11'' 2017-07-24
激光一吸尘移动汽缸报警,18'54'48'' 2017-07-24
激光一吸尘移动汽缸报警,18'57'02'' 2017-07-24
加强筋压紧汽缸报警,19'39'47'' 2017-07-24
激光一吸尘移动汽缸报警,20'42'23'' 2017-07-24
加强筋压紧汽缸报警,10'18'41'' 2017-07-31
加强筋压紧汽缸报警,11'01'41'' 2017-07-31
加强筋压紧汽缸报警,11'05'53'' 2017-07-31
激光一吸尘移动汽缸报警,16'56'34'' 2017-07-31
加强筋压紧汽缸报警,16'43'26'' 2017-08-01
加强筋压紧汽缸报警,16'56'55'' 2017-08-01
激光二吸尘移动汽缸报警,15'44'46'' 2017-08-02
激光二吸尘移动汽缸报警,15'50'31'' 2017-08-02
激光二吸尘移动汽缸报警,15'58'42'' 2017-08-02
激光二吸尘移动汽缸报警,16'05'10'' 2017-08-02
激光二吸尘移动汽缸报警,16'46'05'' 2017-08-02
激光二吸尘移动汽缸报警,16'50'49'' 2017-08-02
激光二吸尘移动汽缸报警,16'58'28'' 2017-08-02
激光二吸尘移动汽缸报警,17'00'00'' 2017-08-02
激光二吸尘移动汽缸报警,17'04'44'' 2017-08-02
激光二吸尘移动汽缸报警,17'20'08'' 2017-08-02
激光二吸尘移动汽缸报警,17'24'17'' 2017-08-02
激光二吸尘移动汽缸报警,17'25'28'' 2017-08-02
激光二吸尘移动汽缸报警,17'26'41'' 2017-08-02
激光二吸尘移动汽缸报警,17'27'37'' 2017-08-02
毛刷除尘汽缸报警,17'28'17'' 2017-08-02
毛刷除尘汽缸报警,17'28'53'' 2017-08-02
激光二吸尘移动汽缸报警,17'31'01'' 2017-08-02
激光二吸尘移动汽缸报警,17'34'28'' 2017-08-02
激光二吸尘移动汽缸报警,17'37'25'' 2017-08-02
激光二吸尘移动汽缸报警,17'40'45'' 2017-08-02
激光二吸尘移动汽缸报警,17'42'46'' 2017-08-02
激光二吸尘移动汽缸报警,17'43'58'' 2017-08-02
激光二吸尘移动汽缸报警,17'45'12'' 2017-08-02
激光二吸尘移动汽缸报警,17'46'19'' 2017-08-02
毛刷除尘汽缸报警,09'11'08'' 2017-08-03
毛刷除尘汽缸报警,09'12'57'' 2017-08-03
激光二吸尘移动汽缸报警,09'14'23'' 2017-08-03
激光二吸尘移动汽缸报警,09'18'09'' 2017-08-03
激光二吸尘移动汽缸报警,09'19'05'' 2017-08-03
激光二吸尘移动汽缸报警,09'20'15'' 2017-08-03
激光二吸尘移动汽缸报警,09'24'14'' 2017-08-03
激光二吸尘移动汽缸报警,09'31'37'' 2017-08-03
激光二吸尘移动汽缸报警,09'32'26'' 2017-08-03
激光二吸尘移动汽缸报警,09'34'18'' 2017-08-03
激光二吸尘移动汽缸报警,09'35'06'' 2017-08-03
激光二吸尘移动汽缸报警,09'35'30'' 2017-08-03
激光二吸尘移动汽缸报警,09'35'51'' 2017-08-03
激光二吸尘移动汽缸报警,09'37'11'' 2017-08-03
激光二吸尘移动汽缸报警,09'38'16'' 2017-08-03
激光二吸尘移动汽缸报警,09'39'03'' 2017-08-03
激光二吸尘移动汽缸报警,09'39'34'' 2017-08-03
激光二吸尘移动汽缸报警,09'40'14'' 2017-08-03
激光二吸尘移动汽缸报警,09'40'51'' 2017-08-03
激光二吸尘移动汽缸报警,09'41'44'' 2017-08-03
激光二吸尘移动汽缸报警,09'42'26'' 2017-08-03
激光二吸尘移动汽缸报警,10'05'48'' 2017-08-03
激光二吸尘移动汽缸报警,10'16'58'' 2017-08-03
激光二吸尘移动汽缸报警,10'17'55'' 2017-08-03
激光二吸尘移动汽缸报警,10'19'39'' 2017-08-03
激光二吸尘移动汽缸报警,10'34'16'' 2017-08-03
激光二吸尘移动汽缸报警,10'34'53'' 2017-08-03
激光二吸尘移动汽缸报警,10'36'04'' 2017-08-03
激光二吸尘移动汽缸报警,10'54'44'' 2017-08-03
激光二吸尘移动汽缸报警,11'01'13'' 2017-08-03
激光二吸尘移动汽缸报警,11'13'02'' 2017-08-03
激光二吸尘移动汽缸报警,11'18'03'' 2017-08-03
激光二吸尘移动汽缸报警,11'25'22'' 2017-08-03
激光二吸尘移动汽缸报警,11'33'39'' 2017-08-03
激光二吸尘移动汽缸报警,11'36'27'' 2017-08-03
激光二吸尘移动汽缸报警,11'37'59'' 2017-08-03
激光二吸尘移动汽缸报警,11'38'45'' 2017-08-03
激光二吸尘移动汽缸报警,11'40'00'' 2017-08-03
激光二吸尘移动汽缸报警,11'41'30'' 2017-08-03
激光二吸尘移动汽缸报警,13'54'23'' 2017-08-03
激光二吸尘移动汽缸报警,13'55'36'' 2017-08-03
激光二吸尘移动汽缸报警,13'59'43'' 2017-08-03
激光二吸尘移动汽缸报警,14'07'35'' 2017-08-03
激光二吸尘移动汽缸报警,14'11'56'' 2017-08-03
激光二吸尘移动汽缸报警,14'31'25'' 2017-08-03
激光二吸尘移动汽缸报警,14'53'49'' 2017-08-03
激光二吸尘移动汽缸报警,15'02'10'' 2017-08-03
激光二吸尘移动汽缸报警,15'10'14'' 2017-08-03
激光二吸尘移动汽缸报警,15'28'43'' 2017-08-03
激光二吸尘移动汽缸报警,15'29'50'' 2017-08-03
激光二吸尘移动汽缸报警,15'41'17'' 2017-08-03
激光二吸尘移动汽缸报警,16'00'43'' 2017-08-03
激光二吸尘移动汽缸报警,16'02'55'' 2017-08-03
激光二吸尘移动汽缸报警,16'06'06'' 2017-08-03
激光二吸尘移动汽缸报警,16'24'59'' 2017-08-03
激光二吸尘移动汽缸报警,16'50'53'' 2017-08-03
激光二吸尘移动汽缸报警,16'51'46'' 2017-08-03
激光二吸尘移动汽缸报警,16'53'21'' 2017-08-03
激光二吸尘移动汽缸报警,16'57'17'' 2017-08-03
激光二吸尘移动汽缸报警,17'17'18'' 2017-08-03
激光二吸尘移动汽缸报警,17'18'36'' 2017-08-03
激光二吸尘移动汽缸报警,17'33'07'' 2017-08-03
激光二吸尘移动汽缸报警,17'36'41'' 2017-08-03
激光二吸尘移动汽缸报警,17'37'22'' 2017-08-03
激光二吸尘移动汽缸报警,17'40'49'' 2017-08-03
激光二吸尘移动汽缸报警,17'42'02'' 2017-08-03
激光二吸尘移动汽缸报警,17'43'33'' 2017-08-03
激光二吸尘移动汽缸报警,17'44'19'' 2017-08-03
激光二吸尘移动汽缸报警,17'47'09'' 2017-08-03
毛刷除尘汽缸报警,17'48'13'' 2017-08-03
激光二吸尘移动汽缸报警,17'51'30'' 2017-08-03
激光二吸尘移动汽缸报警,17'53'46'' 2017-08-03
激光二吸尘移动汽缸报警,17'55'00'' 2017-08-03
毛刷除尘汽缸报警,15'17'41'' 2017-08-04
毛刷除尘汽缸报警,15'25'18'' 2017-08-04
毛刷除尘汽缸报警,15'27'27'' 2017-08-04
毛刷除尘汽缸报警,17'10'54'' 2017-08-04
激光二吸尘移动汽缸报警,17'12'13'' 2017-08-04
激光二吸尘移动汽缸报警,17'17'56'' 2017-08-04
激光二吸尘移动汽缸报警,17'40'45'' 2017-08-04
激光二吸尘移动汽缸报警,17'41'23'' 2017-08-04
激光二吸尘移动汽缸报警,17'56'47'' 2017-08-04
激光二吸尘移动汽缸报警,18'02'11'' 2017-08-04
激光二吸尘移动汽缸报警,18'11'07'' 2017-08-04
激光二吸尘移动汽缸报警,18'17'39'' 2017-08-04
激光二吸尘移动汽缸报警,18'19'19'' 2017-08-04
激光二吸尘移动汽缸报警,18'24'08'' 2017-08-04
激光二吸尘移动汽缸报警,18'53'37'' 2017-08-04
激光二吸尘移动汽缸报警,17'48'09'' 2017-08-05
激光二吸尘移动汽缸报警,17'51'06'' 2017-08-05
激光二吸尘移动汽缸报警,17'54'53'' 2017-08-05
激光二吸尘移动汽缸报警,18'04'59'' 2017-08-05
毛刷除尘汽缸报警,17'45'28'' 2017-08-11
